{
    "materials":[{
        "colorEmissive":[0,0,0],
        "DbgIndex":2,
        "doubleSided":true,
        "specularCoef":50,
        "opacity":1,
        "colorSpecular":[0.5,0.5,0.5],
        "colorDiffuse":[0.29379,0.29379,0.29379],
        "wireframe":false,
        "depthWrite":true,
        "shading":"phong",
        "visible":true,
        "DbgName":"Material.003",
        "depthTest":true,
        "transparent":false,
        "DbgColor":60928,
        "blending":"NormalBlending"
    },{
        "colorEmissive":[0.008961,0.009321,0.009321],
        "DbgIndex":0,
        "doubleSided":true,
        "specularCoef":50,
        "opacity":1,
        "colorSpecular":[0.5,0.5,0.5],
        "colorDiffuse":[0.179221,0.186412,0.186412],
        "wireframe":false,
        "depthWrite":true,
        "shading":"phong",
        "visible":true,
        "DbgName":"Material.001",
        "depthTest":true,
        "transparent":false,
        "DbgColor":15658734,
        "blending":"NormalBlending"
    },{
        "colorEmissive":[0,0,0],
        "DbgIndex":1,
        "doubleSided":true,
        "specularCoef":50,
        "opacity":1,
        "colorSpecular":[0.5,0.5,0.5],
        "colorDiffuse":[0.24707,0.497171,0.662047],
        "wireframe":false,
        "depthWrite":true,
        "shading":"phong",
        "visible":true,
        "DbgName":"Material.002",
        "depthTest":true,
        "transparent":false,
        "DbgColor":15597568,
        "blending":"NormalBlending"
    }],
    "metadata":{
        "materials":3,
        "generator":"io_three",
        "type":"Geometry",
        "uvs":1,
        "vertices":104,
        "version":3,
        "faces":186
    },
    "uvs":[[0,0,1,0,1,1,0,1]],
    "vertices":[0.964093,0.867524,-1.02752,0.95743,0.88179,-1.01958,0.94665,0.876341,-1.00674,0.94665,0.858707,-1.00674,0.95743,0.853258,-1.01958,0.921115,0.867524,-1.04489,0.920392,0.88179,-1.03455,0.919222,0.876341,-1.01782,0.919222,0.858707,-1.01782,0.920392,0.853258,-1.03455,0.87614,0.867524,-1.03367,0.881632,0.88179,-1.02488,0.890519,0.876341,-1.01066,0.890519,0.858707,-1.01066,0.881632,0.853258,-1.02488,0.846345,0.867524,-0.998165,0.855955,0.88179,-0.994282,0.871504,0.876341,-0.988,0.871504,0.858707,-0.988,0.855955,0.853258,-0.994282,0.843111,0.867524,-0.951925,0.853168,0.88179,-0.954433,0.86944,0.876341,-0.95849,0.86944,0.858707,-0.95849,0.853168,0.853258,-0.954433,0.867674,0.867524,-0.912616,0.874337,0.88179,-0.920556,0.885117,0.876341,-0.933403,0.885117,0.858707,-0.933403,0.874337,0.853258,-0.920556,0.910652,0.867524,-0.895252,0.911375,0.88179,-0.905592,0.912545,0.876341,-0.922321,0.912545,0.858707,-0.922321,0.911375,0.853258,-0.905592,0.988656,0.867524,-0.988214,0.978599,0.88179,-0.985706,0.962326,0.876341,-0.981649,0.962326,0.858707,-0.981649,0.978599,0.853258,-0.985706,0.94,0,0.3,0.94,-0,-2.3,1.06,-0,-2.3,1.06,0,0.3,0.94,2,0.3,0.94,2,-2.3,1.06,2,-2.3,1.06,2,0.3,0.94,2,-1,0.94,-0,-1,1.06,2,-1,1.06,-0,-1,0.94,0,0.2025,1.06,2,0.2025,0.94,2,0.2025,1.06,0,0.2025,0.94,-0,-0.909812,1.06,2,-0.909813,0.94,2,-0.909813,1.06,-0,-0.909812,0.94,2,-2.2025,1.06,-0,-2.2025,0.94,-0,-2.2025,1.06,2,-2.2025,0.94,2,-1.09019,1.06,-0,-1.09019,0.94,-0,-1.09019,1.06,2,-1.09019,0.94,1.9,0.3,0.94,1.9,-2.3,1.06,1.9,-2.3,1.06,1.9,0.3,0.94,1.9,-1,1.06,1.9,-1,1.06,1.9,0.2025,0.94,1.9,0.2025,0.94,1.9,-0.909813,1.06,1.9,-0.909813,0.94,1.9,-2.2025,1.06,1.9,-2.2025,1.06,1.9,-1.09019,0.94,1.9,-1.09019,0.94,0.095,-2.3,1.06,0.095,-2.3,1.06,0.095,0.3,0.94,0.095,-1,1.06,0.095,-1,1.06,0.095,0.2025,0.94,0.095,0.2025,0.94,0.095,-0.909812,1.06,0.095,-0.909812,0.94,0.095,-2.2025,1.06,0.095,-2.2025,1.06,0.095,-1.09019,0.94,0.095,-1.09019,0.94,0.095,0.3,0.99,1.9,0.2025,0.99,1.9,-0.909813,0.99,0.095,0.2025,0.99,0.095,-0.909812,0.99,1.9,-2.2025,0.99,1.9,-1.09019,0.99,0.095,-2.2025,0.99,0.095,-1.09019],
    "name":"CubeGeometry.3",
    "faces":[10,0,5,6,0,0,0,0,10,1,6,7,0,0,0,0,10,2,7,8,0,0,0,0,10,3,8,4,0,0,0,0,10,0,4,9,0,0,0,0,10,5,10,6,0,0,0,0,10,6,11,12,0,0,0,0,10,7,12,13,0,0,0,0,10,8,13,9,0,0,0,0,10,9,14,10,0,0,0,0,10,10,15,16,0,0,0,0,10,11,16,12,0,0,0,0,10,12,17,13,0,0,0,0,10,13,18,19,0,0,0,0,10,14,19,10,0,0,0,0,10,15,20,21,0,0,0,0,10,16,21,17,0,0,0,0,10,17,22,18,0,0,0,0,10,18,23,24,0,0,0,0,10,19,24,15,0,0,0,0,10,20,25,21,0,0,0,0,10,21,26,27,0,0,0,0,10,22,27,28,0,0,0,0,10,23,28,24,0,0,0,0,10,24,29,25,0,0,0,0,10,25,30,31,0,0,0,0,10,26,31,27,0,0,0,0,10,28,33,34,0,0,0,0,10,29,34,30,0,0,0,0,10,37,2,3,0,0,0,0,10,4,0,39,0,0,0,0,10,91,82,41,1,0,1,2,10,82,83,42,1,0,1,2,10,87,84,43,1,0,1,2,10,84,95,40,1,0,1,2,10,62,41,42,1,0,1,2,10,63,46,45,1,0,1,2,10,89,85,49,1,0,1,2,10,93,86,51,1,0,1,2,10,56,49,51,1,0,1,2,10,57,50,48,1,0,1,2,10,90,87,55,1,0,1,2,10,95,88,52,1,0,1,2,10,40,52,55,1,0,1,2,10,47,53,54,1,0,1,2,10,88,89,56,1,0,1,2,10,52,56,59,1,0,1,2,10,53,57,58,1,0,1,2,10,86,90,59,1,0,1,2,10,94,91,62,1,0,1,2,10,66,62,61,1,0,1,2,10,67,63,60,1,0,1,2,10,83,92,61,1,0,1,2,10,92,93,65,1,0,1,2,10,85,94,66,1,0,1,2,10,49,66,65,1,0,1,2,10,50,67,64,1,0,1,2,10,60,45,69,1,0,1,2,10,45,46,70,1,0,1,2,10,53,47,71,1,0,1,2,10,47,44,68,1,0,1,2,10,58,48,72,1,0,1,2,10,67,50,73,1,0,1,2,10,57,53,74,1,0,1,2,10,44,54,75,1,0,1,2,10,54,58,76,1,0,1,2,10,50,57,77,1,0,1,2,10,64,60,78,1,0,1,2,10,46,63,79,1,0,1,2,10,63,67,80,1,0,1,2,10,48,64,81,1,0,1,2,10,78,69,82,1,0,1,2,10,69,70,83,1,0,1,2,10,74,71,84,1,0,1,2,10,71,68,95,1,0,1,2,10,76,72,85,1,0,1,2,10,80,73,86,1,0,1,2,10,77,74,87,1,0,1,2,10,68,75,88,1,0,1,2,10,89,88,98,1,0,1,2,10,73,77,90,1,0,1,2,10,91,94,103,1,0,1,2,10,70,79,92,1,0,1,2,10,79,80,93,1,0,1,2,10,72,81,94,1,0,1,2,10,96,97,99,2,0,1,2,10,76,89,99,1,0,1,2,10,88,75,96,1,0,1,2,10,75,76,97,1,0,1,2,10,101,100,102,2,0,1,2,10,94,81,101,1,0,1,2,10,78,91,102,1,0,1,2,10,81,78,100,1,0,1,2,10,1,0,6,0,0,0,0,10,2,1,7,0,0,0,0,10,3,2,8,0,0,0,0,10,17,18,13,0,0,0,0,10,5,0,9,0,0,0,0,10,10,11,6,0,0,0,0,10,7,6,12,0,0,0,0,10,8,7,13,0,0,0,0,10,8,9,4,0,0,0,0,10,5,9,10,0,0,0,0,10,11,10,16,0,0,0,0,10,16,17,12,0,0,0,0,10,22,23,18,0,0,0,0,10,14,13,19,0,0,0,0,10,19,15,10,0,0,0,0,10,16,15,21,0,0,0,0,10,21,22,17,0,0,0,0,10,19,18,24,0,0,0,0,10,24,20,15,0,0,0,0,10,25,26,21,0,0,0,0,10,22,21,27,0,0,0,0,10,23,22,28,0,0,0,0,10,28,29,24,0,0,0,0,10,20,24,25,0,0,0,0,10,26,25,31,0,0,0,0,10,31,32,27,0,0,0,0,10,29,28,34,0,0,0,0,10,25,29,30,0,0,0,0,10,38,37,3,0,0,0,0,10,39,0,35,0,0,0,0,10,62,91,41,1,3,0,2,10,41,82,42,1,3,0,2,10,55,87,43,1,3,0,2,10,43,84,40,1,3,0,2,10,61,62,42,1,3,0,2,10,60,63,45,1,3,0,2,10,56,89,49,1,3,0,2,10,65,93,51,1,3,0,2,10,59,56,51,1,3,0,2,10,58,57,48,1,3,0,2,10,59,90,55,1,3,0,2,10,40,95,52,1,3,0,2,10,43,40,55,1,3,0,2,10,44,47,54,1,3,0,2,10,52,88,56,1,3,0,2,10,55,52,59,1,3,0,2,10,54,53,58,1,3,0,2,10,51,86,59,1,3,0,2,10,66,94,62,1,3,0,2,10,65,66,61,1,3,0,2,10,64,67,60,1,3,0,2,10,42,83,61,1,3,0,2,10,61,92,65,1,3,0,2,10,49,85,66,1,3,0,2,10,51,49,65,1,3,0,2,10,48,50,64,1,3,0,2,10,78,60,69,1,3,0,2,10,69,45,70,1,3,0,2,10,74,53,71,1,3,0,2,10,71,47,68,1,3,0,2,10,76,58,72,1,3,0,2,10,80,67,73,1,3,0,2,10,77,57,74,1,3,0,2,10,68,44,75,1,3,0,2,10,75,54,76,1,3,0,2,10,73,50,77,1,3,0,2,10,81,64,78,1,3,0,2,10,70,46,79,1,3,0,2,10,79,63,80,1,3,0,2,10,72,48,81,1,3,0,2,10,91,78,82,1,3,0,2,10,82,69,83,1,3,0,2,10,87,74,84,1,3,0,2,10,84,71,95,1,3,0,2,10,89,76,85,1,3,0,2,10,93,80,86,1,3,0,2,10,90,77,87,1,3,0,2,10,95,68,88,1,3,0,2,10,99,89,98,1,3,0,2,10,86,73,90,1,3,0,2,10,102,91,103,1,3,0,2,10,83,70,92,1,3,0,2,10,92,79,93,1,3,0,2,10,85,72,94,1,3,0,2,10,98,96,99,2,3,0,2,10,97,76,99,1,3,0,2,10,98,88,96,1,3,0,2,10,96,75,97,1,3,0,2,10,103,101,102,2,3,0,2,10,103,94,101,1,3,0,2,10,100,78,102,1,3,0,2,10,101,81,100,1,3,0,2,10,13,14,9,0,0,0,0]
}