{
    "name":"TorusGeometry.1",
    "metadata":{
        "generator":"io_three",
        "normals":31,
        "version":3,
        "uvs":0,
        "faces":31,
        "type":"Geometry",
        "vertices":40
    },
    "uvs":[],
    "faces":[33,0,5,6,1,0,0,0,0,33,1,6,7,2,1,1,1,1,33,2,7,8,3,2,2,2,2,33,3,8,9,4,3,3,3,3,33,0,4,9,5,4,4,4,4,33,5,10,11,6,5,5,5,5,33,6,11,12,7,6,6,6,6,33,7,12,13,8,7,7,7,7,33,8,13,14,9,8,8,8,8,33,9,14,10,5,9,9,9,9,33,10,15,16,11,10,10,10,10,33,11,16,17,12,11,11,11,11,33,12,17,18,13,12,12,12,12,33,13,18,19,14,13,13,13,13,33,14,19,15,10,14,14,14,14,33,15,20,21,16,15,15,15,15,33,16,21,22,17,16,16,16,16,33,17,22,23,18,17,17,17,17,33,18,23,24,19,18,18,18,18,33,19,24,20,15,19,19,19,19,33,20,25,26,21,20,20,20,20,33,21,26,27,22,21,21,21,21,33,22,27,28,23,22,22,22,22,33,23,28,29,24,23,23,23,23,33,24,29,25,20,24,24,24,24,33,25,30,31,26,25,25,25,25,33,26,31,32,27,26,26,26,26,33,28,33,34,29,27,27,27,27,33,29,34,30,25,28,28,28,28,33,37,2,3,38,29,29,29,29,33,0,35,39,4,30,30,30,30],
    "normals":[0.782436,-0.254229,-0.568473,-0.307471,0.099903,-0.946299,-0.951057,0.309017,-0,-0.307471,0.099903,0.946299,0.782436,-0.254229,0.568473,0.483572,-0.665579,-0.568474,-0.190028,0.26155,-0.946298,-0.587786,0.809016,-0,-0.190028,0.26155,0.946298,0.483572,-0.665579,0.568474,0,-0.822701,-0.568474,0,0.323295,-0.946298,0,1,0,0,0.323295,0.946298,0,-0.822701,0.568474,-0.483572,-0.665579,-0.568474,0.190028,0.261551,-0.946298,0.587786,0.809016,-0,0.190028,0.261551,0.946298,-0.483572,-0.665579,0.568474,-0.782436,-0.254229,-0.568473,0.307471,0.099904,-0.946298,0.951056,0.309018,-0,0.307471,0.099904,0.946298,-0.782436,-0.254229,0.568473,-0.782436,0.254229,-0.568473,0.307471,-0.099904,-0.946298,0.307471,-0.099904,0.946298,-0.782436,0.254229,0.568473,-0.951056,-0.309018,-0,0.782436,0.25423,0.568473],
    "vertices":[0.020163,-0.000153,0.081152,0.009798,0.014113,0.081152,-0.006972,0.008664,0.081152,-0.006972,-0.00897,0.081152,0.009798,-0.014419,0.081152,0.005839,-0.000153,0.037068,-0.002546,0.014113,0.04316,-0.016114,0.008664,0.053018,-0.016114,-0.00897,0.053018,-0.002546,-0.014419,0.04316,-0.031661,-0.000153,0.009823,-0.034864,0.014113,0.01968,-0.040046,0.008664,0.03563,-0.040046,-0.00897,0.03563,-0.034864,-0.014419,0.01968,-0.078013,-0.000153,0.009823,-0.074811,0.014113,0.01968,-0.069628,0.008664,0.03563,-0.069628,-0.00897,0.03563,-0.074811,-0.014419,0.01968,-0.115513,-0.000153,0.037068,-0.107128,0.014113,0.04316,-0.093561,0.008664,0.053018,-0.093561,-0.00897,0.053018,-0.107128,-0.014419,0.04316,-0.129837,-0.000153,0.081152,-0.119472,0.014113,0.081152,-0.102702,0.008664,0.081152,-0.102702,-0.00897,0.081152,-0.119472,-0.014419,0.081152,-0.115513,-0.000153,0.125236,-0.107128,0.014113,0.119144,-0.093561,0.008664,0.109286,-0.093561,-0.00897,0.109286,-0.107128,-0.014419,0.119144,0.005839,-0.000153,0.125236,-0.002546,0.014113,0.119144,-0.016114,0.008664,0.109286,-0.016114,-0.00897,0.109286,-0.002546,-0.014419,0.119144]
}