{
    "name":"TorusGeometry.2",
    "metadata":{
        "generator":"io_three",
        "normals":31,
        "version":3,
        "uvs":0,
        "faces":31,
        "type":"Geometry",
        "vertices":40
    },
    "uvs":[],
    "faces":[33,0,5,6,1,0,0,0,0,33,1,6,7,2,1,1,1,1,33,2,7,8,3,2,2,2,2,33,3,8,9,4,3,3,3,3,33,0,4,9,5,4,4,4,4,33,5,10,11,6,5,5,5,5,33,6,11,12,7,6,6,6,6,33,7,12,13,8,7,7,7,7,33,8,13,14,9,8,8,8,8,33,9,14,10,5,9,9,9,9,33,10,15,16,11,10,10,10,10,33,11,16,17,12,11,11,11,11,33,12,17,18,13,12,12,12,12,33,13,18,19,14,13,13,13,13,33,14,19,15,10,14,14,14,14,33,15,20,21,16,15,15,15,15,33,16,21,22,17,16,16,16,16,33,17,22,23,18,17,17,17,17,33,18,23,24,19,18,18,18,18,33,19,24,20,15,19,19,19,19,33,20,25,26,21,20,20,20,20,33,21,26,27,22,21,21,21,21,33,22,27,28,23,22,22,22,22,33,23,28,29,24,23,23,23,23,33,24,29,25,20,24,24,24,24,33,25,30,31,26,25,25,25,25,33,26,31,32,27,26,26,26,26,33,28,33,34,29,27,27,27,27,33,29,34,30,25,28,28,28,28,33,37,2,3,38,29,29,29,29,33,0,35,39,4,30,30,30,30],
    "normals":[0.30819,-0.762796,-0.568473,-0.121107,0.299752,-0.946299,-0.374606,0.927184,-0,-0.121108,0.299753,0.946299,0.30819,-0.762797,0.568472,-0.19903,-0.798263,-0.568474,0.078212,0.31369,-0.946299,0.24192,0.970296,-0,0.078212,0.313692,0.946298,-0.19903,-0.798264,0.568473,-0.630226,-0.528822,-0.568473,0.247657,0.207809,-0.946299,0.766045,0.642787,-0,0.247659,0.20781,0.946298,-0.630227,-0.528823,0.568472,-0.820697,-0.057389,-0.568474,0.322506,0.022552,-0.946299,0.997564,0.069756,-0,0.322508,0.022552,0.946298,-0.820698,-0.057389,0.568473,-0.697691,0.435966,-0.568473,0.274169,-0.17132,-0.946299,0.848049,-0.529918,-0,0.27417,-0.17132,0.946298,-0.697691,0.435966,0.568472,-0.30819,0.762796,-0.568473,0.121108,-0.299754,-0.946298,0.121108,-0.299755,0.946298,-0.30819,0.762796,0.568473,-0.848049,0.529919,-0,0.697692,-0.435965,0.568472],
    "vertices":[-0.01509,-0.258871,0.010845,-0.021752,-0.244605,0.018785,-0.032532,-0.250054,0.031632,-0.032532,-0.267688,0.031632,-0.021752,-0.273137,0.018785,-0.058067,-0.258871,-0.006519,-0.05879,-0.244605,0.00382,-0.05996,-0.250054,0.02055,-0.05996,-0.267688,0.02055,-0.05879,-0.273137,0.00382,-0.103043,-0.258871,0.004695,-0.09755,-0.244605,0.013484,-0.088663,-0.250054,0.027707,-0.088663,-0.267688,0.027707,-0.09755,-0.273137,0.013484,-0.132838,-0.258871,0.040203,-0.123228,-0.244605,0.044085,-0.107678,-0.250054,0.050368,-0.107678,-0.267688,0.050368,-0.123228,-0.273137,0.044085,-0.136071,-0.258871,0.086442,-0.126014,-0.244605,0.083935,-0.109742,-0.250054,0.079878,-0.109742,-0.267688,0.079878,-0.126014,-0.273137,0.083935,-0.111508,-0.258871,0.125751,-0.104846,-0.244605,0.117812,-0.094066,-0.250054,0.104965,-0.094066,-0.267688,0.104965,-0.104846,-0.273137,0.117812,-0.068531,-0.258871,0.143115,-0.067808,-0.244605,0.132776,-0.066638,-0.250054,0.116046,-0.066638,-0.267688,0.116046,-0.067808,-0.273137,0.132776,0.009473,-0.258871,0.050154,-0.000584,-0.244605,0.052661,-0.016856,-0.250054,0.056719,-0.016856,-0.267688,0.056719,-0.000584,-0.273137,0.052661]
}